{
    "best_params": {
        "colsample_bytree": 0.7954794237391786,
        "gamma": 2,
        "learning_rate": 0.10320878171071525,
        "max_depth": 8,
        "min_child_weight": 1,
        "n_estimators": 704,
        "reg_alpha": 7,
        "reg_lambda": 1,
        "subsample": 0.9306469908440574
    },
    "accuracy": 0.6988847583643123,
    "classification_report": {
        "HIGH": {
            "precision": 0.5982905982905983,
            "recall": 0.7865168539325843,
            "f1-score": 0.6796116504854369,
            "support": 89.0
        },
        "LOW": {
            "precision": 0.7875,
            "recall": 0.7,
            "f1-score": 0.7411764705882353,
            "support": 90.0
        },
        "MEDIUM": {
            "precision": 0.7638888888888888,
            "recall": 0.6111111111111112,
            "f1-score": 0.6790123456790124,
            "support": 90.0
        },
        "accuracy": 0.6988847583643123,
        "macro avg": {
            "precision": 0.716559829059829,
            "recall": 0.6992093216812317,
            "f1-score": 0.6999334889175616,
            "support": 269.0
        },
        "weighted avg": {
            "precision": 0.7169994916277445,
            "recall": 0.6988847583643123,
            "f1-score": 0.7000090347853389,
            "support": 269.0
        }
    },
    "label_mapping": {
        "0": "HIGH",
        "1": "LOW",
        "2": "MEDIUM"
    },
    "model_name": "xgboost_best_model_arousal.pkl",
    "value_counts": {
        "1": 90,
        "2": 90,
        "0": 89
    },
    "selected_domains": null,
    "include_magnitude": true,
    "feature_importances": {
        "mean_x": 0.025222329422831535,
        "mean_y": 0.0,
        "mean_z": 0.028783639892935753,
        "std_x": 0.040876321494579315,
        "std_y": 0.023681068792939186,
        "std_z": 0.029511425644159317,
        "variance_x": 0.0,
        "variance_y": 0.0,
        "variance_z": 0.04123704880475998,
        "rms_x": 0.035757675766944885,
        "rms_y": 0.0,
        "rms_z": 0.029546793550252914,
        "max_x": 0.0,
        "max_y": 0.0,
        "max_z": 0.037785597145557404,
        "min_x": 0.03723017871379852,
        "min_y": 0.023778647184371948,
        "min_z": 0.0,
        "peak_to_peak_x": 0.022324003279209137,
        "peak_to_peak_y": 0.0,
        "peak_to_peak_z": 0.02161564491689205,
        "skewness_x": 0.024872148409485817,
        "skewness_y": 0.0,
        "skewness_z": 0.033711764961481094,
        "kurtosis_x": 0.0,
        "kurtosis_y": 0.0,
        "kurtosis_z": 0.0,
        "zero_crossing_rate_x": 0.0,
        "zero_crossing_rate_y": 0.0,
        "zero_crossing_rate_z": 0.03453341871500015,
        "sma": 0.0,
        "mean_magnitude": 0.0,
        "std_magnitude": 0.02394598349928856,
        "variance_magnitude": 0.0,
        "rms_magnitude": 0.0,
        "max_magnitude": 0.033510539680719376,
        "min_magnitude": 0.0,
        "peak_to_peak_magnitude": 0.0,
        "skewness_magnitude": 0.026354094967246056,
        "kurtosis_magnitude": 0.033331241458654404,
        "zero_crossing_rate_magnitude": 0.0,
        "euclidean_norm": 0.0,
        "mean_pitch": 0.029932258650660515,
        "mean_roll": 0.024056246504187584,
        "correlation_xy": 0.0,
        "correlation_xz": 0.03557741641998291,
        "correlation_yz": 0.023291897028684616,
        "dominant_frequency_x": 0.0,
        "spectral_entropy_x": 0.0,
        "psd_mean_x": 0.0,
        "energy_x": 0.03026239015161991,
        "bandwidth_x": 0.023113960400223732,
        "spectral_centroid_x": 0.0,
        "dominant_frequency_y": 0.0,
        "spectral_entropy_y": 0.0,
        "psd_mean_y": 0.0,
        "energy_y": 0.0,
        "bandwidth_y": 0.027232803404331207,
        "spectral_centroid_y": 0.0,
        "dominant_frequency_z": 0.0,
        "spectral_entropy_z": 0.023465901613235474,
        "psd_mean_z": 0.03343896567821503,
        "energy_z": 0.0,
        "bandwidth_z": 0.0,
        "spectral_centroid_z": 0.0,
        "dominant_frequency_magnitude": 0.0,
        "spectral_entropy_magnitude": 0.0,
        "psd_mean_magnitude": 0.0,
        "energy_magnitude": 0.0,
        "bandwidth_magnitude": 0.0,
        "spectral_centroid_magnitude": 0.0,
        "25th_percentile_x": 0.0,
        "25th_percentile_y": 0.0332842580974102,
        "25th_percentile_z": 0.0,
        "75th_percentile_x": 0.0,
        "75th_percentile_y": 0.0,
        "75th_percentile_z": 0.0,
        "25th_percentile_magnitude": 0.0,
        "75th_percentile_magnitude": 0.02470475062727928,
        "wavelet_energy_approx_x": 0.05855359137058258,
        "wavelet_energy_approx_y": 0.02547594904899597,
        "wavelet_energy_approx_z": 0.0,
        "wavelet_energy_approx_magnitude": 0.0
    }
}